[
  {
    "Id": "81902",
    "ThreadId": "24420",
    "Html": "\r\nHi,<br /><br /> Hope I am not missing anything, but when I open up for example document.xml in a package a have only 1 line a long xml line, it will be nice to have this xml formated to show preatty, or at least have a option for the user to format it.<br /><br /> Actualy I think I can add this myself in the code,<br /><br />Hope you agree with my suggestion,<br />",
    "PostedDate": "2008-03-20T09:17:12.737-07:00",
    "UserRole": null,
    "MarkedAsAnswerDate": null
  },
  {
    "Id": "99130",
    "ThreadId": "24420",
    "Html": "Visual Studio 2008 will format it for you.<br>\r\nTry Ctrl +K, D <br>\r\nor<br>\r\nEdit - Format Document<br>\r\n",
    "PostedDate": "2008-06-16T10:21:06.3-07:00",
    "UserRole": null,
    "MarkedAsAnswerDate": null
  },
  {
    "Id": "112632",
    "ThreadId": "24420",
    "Html": "Hi&nbsp; Calin,<br>\r\n<br>\r\nIf you're using XML Package Explorer RC1 (for V3.0) click on the [Format] button on the upper left to get the 'pretty' (formatted) XML.&nbsp; In v2.3.0 this was automatic (and you could use more than one editor choice).<br>\r\n<br>\r\nHaving the ability to set a Wordwrap at edge of screen or by fixed column number would also be a nice feature :)\r\n",
    "PostedDate": "2008-08-21T06:06:43.43-07:00",
    "UserRole": null,
    "MarkedAsAnswerDate": null
  }
]