[
  {
    "Id": "153893",
    "ThreadId": "46107",
    "Html": "In the source code there is a pfx certificat file that is included in the source.  My solution will not compile without the password to this file.<br>\r\n<br>\r\nShould I simply replace the existing pfx file with my own?\r\n",
    "PostedDate": "2009-02-03T11:33:57.887-08:00",
    "UserRole": null,
    "MarkedAsAnswerDate": null
  },
  {
    "Id": "157015",
    "ThreadId": "46107",
    "Html": "DevilDog74, have you manged to get arround this issue? I'm in the same boat.\r\n",
    "PostedDate": "2009-02-12T06:11:49.597-08:00",
    "UserRole": null,
    "MarkedAsAnswerDate": null
  },
  {
    "Id": "157454",
    "ThreadId": "46107",
    "Html": "Yes, here is what I did.<br>\r\n<br>\r\n-- For each project that uses the pfx file go into project properties and uncheck the &quot;Sign Assembly&quot; check box.<br>\r\n-- Replace all explicit public key references from the .addin files with PublicKey=null<br>\r\n<br>\r\nThe xml element below shows how I changed one of the public key token elements for the DocumentInspector addin.<br>\r\n<span style=\"font-size:13px;color:#0000ff\"> <br>\r\n</span><span style=\"font-size:13px;color:#a31515\">a:Assembly</span><span style=\"font-size:13px;color:#0000ff\"> </span><span style=\"font-size:13px;color:#ff0000\">path</span><span style=\"font-size:13px;color:#0000ff\">=</span><span style=\"font-size:13px\">&quot;</span><span style=\"font-size:13px;color:#0000ff\">PackageExplorer.AddIns.DocumentInspector, Version=3.0.0.0, Culture=Neutral, PublicKeyToken=null</span><span style=\"font-size:13px\">&quot;</span><span style=\"font-size:13px;color:#0000ff\"> /&gt;<br>\r\n</span><br>\r\nAnother thing to keep in mind is that this project uses addins heavily.  So the creator of the project has hacked up each project so that its build output directory just so happens to build all the addins into the bin directory of the shell application (projectexplorer.csproj).  <br>\r\n<br>\r\nThe last thing that was very bizzare, is that the Core projet uses RC.exe in the prebuild events.  I had to change this path to...<br>\r\n&quot;C:\\Program Files\\Microsoft Visual Studio 8\\SDK\\v2.0\\Bin\\RC.Exe&quot; /r &quot;$(ProjectDir)StartPage.rc&quot;<br>\r\n<br>\r\n<p> Does this answer your question?</p>\r\n<p>&nbsp;</p>\r\n",
    "PostedDate": "2009-02-13T07:58:20.623-08:00",
    "UserRole": null,
    "MarkedAsAnswerDate": null
  },
  {
    "Id": "258195",
    "ThreadId": "46107",
    "Html": "<p>-- For each project that uses the pfx file go into project properties and uncheck the &quot;Sign Assembly&quot; check box.<br>-- Replace all explicit public key references from the .addin files with PublicKey=null</p>\r\n<p>Thank you</p>",
    "PostedDate": "2009-11-18T01:54:21.087-08:00",
    "UserRole": null,
    "MarkedAsAnswerDate": null
  }
]