[
  {
    "Id": "197854",
    "ThreadId": "58479",
    "Html": "<p>Thanks for this tool! I hope it will really help me understand working with these OOXML formats.</p>\r\n<p>I have an issue using it though. Whenever I click on an xml file in Document Explorer, the middle of the window (where the content would be) blinks and then remains the dark gray&nbsp;blankness. Everything else seems to be working fine -- document explorer, properties, validation, etc.</p>\r\n<p>The zip I downloadedfrom here did not have any installer or ReadMe in it. Also the exe was blocked until I clicked File Properties / Unblock on it.</p>\r\n<p>Is there anything else I need to install to make this work?</p>",
    "PostedDate": "2009-06-04T10:44:06.993-07:00",
    "UserRole": null,
    "MarkedAsAnswerDate": null
  },
  {
    "Id": "198043",
    "ThreadId": "58479",
    "Html": "<p>Never mind. I have to double-click the entry in the list....</p>",
    "PostedDate": "2009-06-04T21:03:34.733-07:00",
    "UserRole": null,
    "MarkedAsAnswerDate": null
  }
]