[
  {
    "Id": "57414",
    "ThreadId": "17601",
    "Html": "\r\nRight click the node \"workbook.xml\", click \"add a new part ...\", select \"Empty worksheet\", the default name was \"/worksheets/sheet1.xml\", I change it to  \"/worksheets/sheet2.xml\" because sheet1 was exists, then I click OK, a  warning icon flashed :\"Absolute paths are not allowed\", so I delete the first slash of name and click OK again, a ErrorDialog popup, it said:  \"An unexpected error has occured. Part URI must start with a forward slash. \", I confused, these is the details:<br /><br />Part URI must start with a forward slash.<br /><br />   at System.IO.Packaging.PackUriHelper.ValidatePartUri(Uri partUri)<br />   at System.IO.Packaging.Package.GetPartHelper(Uri partUri)<br />   at System.IO.Packaging.Package.PartExists(Uri partUri)<br />   at PackageExplorer.ObjectModel.Document.CreateUniquePartLocation(String path) in C:\\Documents and Settings\\Wouter\\My Documents\\Visual Studio 2005\\Projects\\PackageExplorer\\PackageExplorer\\ObjectModel\\Document.cs:line 603<br />   at PackageExplorer.ObjectModel.Document.CreatePart(String path, String contentType) in C:\\Documents and Settings\\Wouter\\My Documents\\Visual Studio 2005\\Projects\\PackageExplorer\\PackageExplorer\\ObjectModel\\Document.cs:line 324<br />   at PackageExplorer.TemplateModel.DocumentPartTemplate.Instantiate(String name, DocumentPartCollection container, Document document) in C:\\Documents and Settings\\Wouter\\My Documents\\Visual Studio 2005\\Projects\\PackageExplorer\\PackageExplorer\\TemplateModel\\DocumentPartTemplate.cs:line 65<br />   at PackageExplorer.TemplateModel.DocumentPartTemplate.Instantiate(String name, Object tag) in C:\\Documents and Settings\\Wouter\\My Documents\\Visual Studio 2005\\Projects\\PackageExplorer\\PackageExplorer\\TemplateModel\\DocumentPartTemplate.cs:line 52<br />   at PackageExplorer.UI.Dialogs.TemplateDialog.PackageExplorer.UI.Dialogs.IDialogContent.ApplyChanges() in C:\\Documents and Settings\\Wouter\\My Documents\\Visual Studio 2005\\Projects\\PackageExplorer\\PackageExplorer\\UI\\Dialogs\\TemplateDialog.cs:line 44<br />   at PackageExplorer.UI.Dialogs.DialogWindow.OkButton_Click(Object sender, EventArgs e) in C:\\Documents and Settings\\Wouter\\My Documents\\Visual Studio 2005\\Projects\\PackageExplorer\\PackageExplorer\\UI\\Dialogs\\DialogWindow.cs:line 168<br />   at System.Windows.Forms.Control.OnClick(EventArgs e)<br />   at System.Windows.Forms.Button.OnClick(EventArgs e)<br />   at System.Windows.Forms.Button.OnMouseUp(MouseEventArgs mevent)<br />   at System.Windows.Forms.Control.WmMouseUp(Message&amp; m, MouseButtons button, Int32 clicks)<br />   at System.Windows.Forms.Control.WndProc(Message&amp; m)<br />   at System.Windows.Forms.ButtonBase.WndProc(Message&amp; m)<br />   at System.Windows.Forms.Button.WndProc(Message&amp; m)<br />   at System.Windows.Forms.Control.ControlNativeWindow.OnMessage(Message&amp; m)<br />   at System.Windows.Forms.Control.ControlNativeWindow.WndProc(Message&amp; m)<br />   at System.Windows.Forms.NativeWindow.Callback(IntPtr hWnd, Int32 msg, IntPtr wparam, IntPtr lparam)<br />",
    "PostedDate": "2007-11-08T18:44:38.673-08:00",
    "UserRole": null,
    "MarkedAsAnswerDate": null
  },
  {
    "Id": "61461",
    "ThreadId": "17601",
    "Html": "\r\nOoopsiee! Getting it fixed!<br />",
    "PostedDate": "2007-12-06T04:42:31.8-08:00",
    "UserRole": null,
    "MarkedAsAnswerDate": null
  }
]