[
  {
    "Id": "66446",
    "ThreadId": "20034",
    "Html": "\r\nJust for fun, I thought i'd see whether I could build Package Explorer under Mono.<br /><br />It does start to build, but the build fails.<br /><br />The main problem is that System.IO.Packaging is missing.  This is part of .NET 3.0.<br /><br />As far as I can tell, its not available for separate download :(<br /><br />Jason<br /><a href=\"http://dev.plutext.org\" class=\"externalLink\">http://dev.plutext.org<span class=\"externalLinkIcon\" style=\"font-family:Consolas, Courier New, Courier, Monospace;\"></span></a><br />",
    "PostedDate": "2008-01-06T21:15:07.197-08:00",
    "UserRole": null,
    "MarkedAsAnswerDate": null
  }
]