[
  {
    "Id": "1050103",
    "ThreadId": "445329",
    "Html": "Hi \r<br />\n<br />\nI am working on a .NET 4.0 console application. I am trying to read the data from MS excel 2007 document. (file format in Xlsx)\r<br />\n<br />\nI use the below code to load the data into datatable. It works fine if all the cells have values. But it does not work when one of the column has blank values. \r<br />\n<br />\nData gets shifted to left in the datatable. I will want to fill blank value for the column &quot;Code&quot; in the datatable.\r<br />\n<br />\n  Data in TestFile.xlsx \r<br />\nFULL Name\tPanID\t Period\tYear\t Code\t Type\r<br />\nName1\t1\t201301\t2013\t\t1\r<br />\nName2\t2\t201302\t2014\t\t2\r<br />\nName3\t3\t201303\t2015\t\t3\r<br />\nName4\t4\t201304\t2016\t\t4\r<br />\n<br />\n<br />\nWindowsBase version 4.0 and DocumentFormat.OpenXML dll reference added \r<br />\n<br />\nusing DocumentFormat.OpenXml.Spreadsheet;\r<br />\nusing DocumentFormat.OpenXml.Packaging;\r<br />\n<br />\npublic void Read2007Xlsx()<br />\n<pre><code>    {\n        try\n        {\n    DataTable dt = new DataTable();\n    using (SpreadsheetDocument spreadSheetDocument = SpreadsheetDocument.Open(@&quot;D:\\2007\\Testfile.xlsx&quot;, false))\n        {\n            WorkbookPart workbookPart = spreadSheetDocument.WorkbookPart;\n            IEnumerable&lt;Sheet&gt; sheets = spreadSheetDocument.WorkbookPart.Workbook.GetFirstChild&lt;Sheets&gt;().Elements&lt;Sheet&gt;();\n            string relationshipId = sheets.First().Id.Value;\n            WorksheetPart worksheetPart = (WorksheetPart)spreadSheetDocument.WorkbookPart.GetPartById(relationshipId);\n            Worksheet workSheet = worksheetPart.Worksheet;\n            SheetData sheetData = workSheet.GetFirstChild&lt;SheetData&gt;();\n            IEnumerable&lt;Row&gt; rows = sheetData.Descendants&lt;Row&gt;();\n            foreach (Cell cell in rows.ElementAt(0))\n            {\n                dt.Columns.Add(GetCellValue(spreadSheetDocument, cell));\n            }\n            foreach (Row row in rows) //this will also include your header row...\n            {\n                DataRow tempRow = dt.NewRow();\n                for (int i = 0; i &lt; row.Descendants&lt;Cell&gt;().Count(); i++)\n                {\n                   // tempRow[i] = GetCellValue(spreadSheetDocument, row.Descendants&lt;Cell&gt;().ElementAt(i-1));\n                    tempRow[i] = GetCellValue(spreadSheetDocument, row.Descendants&lt;Cell&gt;().ElementAt(i));\n                }\n                dt.Rows.Add(tempRow);\n            }\n        }\n        dt.Rows.RemoveAt(0); //...so i'm taking it out here.\n        }\n        catch (Exception ex)\n        { \n\n        }\n\n    }\n    public static string GetCellValue(SpreadsheetDocument document, Cell cell)\n    {\n        SharedStringTablePart stringTablePart = document.WorkbookPart.SharedStringTablePart;\n        if (cell.CellValue ==null)\n        {\n        return &quot;&quot;;\n        }\n        string value = cell.CellValue.InnerXml;\n        if (cell.DataType != null &amp;&amp; cell.DataType.Value == CellValues.SharedString)\n        {\n            return stringTablePart.SharedStringTable.ChildElements[Int32.Parse(value)].InnerText;\n        }\n        else\n        {\n            return value;\n        }\n    }\n</code></pre>\n\nHow to identify if a cell has blank value while reading Xlsx file using Open XML?\r<br />\n<br />\nHow to convert data in Xlsx file into dataset that has blank values using Open XML?\r<br />\n<br />\nThanks\r<br />\nAshok<br />\n",
    "PostedDate": "2013-05-29T06:52:52.103-07:00",
    "UserRole": null,
    "MarkedAsAnswerDate": null
  }
]