[
  {
    "Id": "29807",
    "ThreadId": "9133",
    "Html": "\r\nHey,<br /><br />The cusotm XML is not visible in clear text.<br /><br />It looks like its base64 encoded. <br /><br />I am using the latest version released in March.<br />V2.1.3.0 Production <br /><br />Any ideas, as i want to be able to see the content of the custom xml.<br /><br />ged<br />",
    "PostedDate": "2007-04-13T06:52:29.833-07:00",
    "UserRole": null,
    "MarkedAsAnswerDate": null
  },
  {
    "Id": "30427",
    "ThreadId": "9133",
    "Html": "\r\nHi G,<br /><br />known issue, the recognition of content type is bugging. I'll fix it, in the mean time you can right-click and choose browse with XmlEditor.<br />",
    "PostedDate": "2007-04-19T00:02:45.973-07:00",
    "UserRole": null,
    "MarkedAsAnswerDate": null
  }
]