[
  {
    "Id": "542",
    "ThreadId": "179",
    "Html": "\r\nFor the next version of Package Explorer, the following items are being considered:<br /><br />1. Search through packages<br />2. Extract files from a package<br />3. Replace files inside a package<br />4. Recognize specific types of packages and attach actions to a specific package type<br />5. Open multiple packages<br /><br />If you have features you'd like to see implemented, post it as a reply here.<br /><br />Thx, Wouter<br />",
    "PostedDate": "2006-06-13T04:21:05.26-07:00",
    "UserRole": null,
    "MarkedAsAnswerDate": null
  },
  {
    "Id": "868",
    "ThreadId": "179",
    "Html": "\r\nSign me up. I've been doing a lot of Office 12 Open XML work as of late and though I like package explorer I really desire the feature set potentially destined for the next release. Being able to extract, edit and replace the xml content would be of great value!!<br /><br />I'm so tired of addind .zipm, extracting, editing, and rezipping. I was going to build my own tool but thought it ideally belonged in Open XML Package Explorer. <br /><br />I'd like to join up!<br /><br />Thanks,<br />Michael<br />",
    "PostedDate": "2006-06-28T10:54:48.36-07:00",
    "UserRole": null,
    "MarkedAsAnswerDate": null
  },
  {
    "Id": "8890",
    "ThreadId": "179",
    "Html": "\r\nHi Wouter,<br /><br />thanks for the great tool. I just discovered it from a link in Doug Mahugh's blog. <br /><br />Also tired from unzipping, editing and re-zipping, this is the tool that will make my work with Open XML a lot easier.<br /><br />I have a (small) suggestion concerning usability: <br /><br />The document inspector could (optionally) show the path of the file inside the archive. Thus files with identical names (e.g. inside an Excel document \"xl\\chartsheets\\Sheet1.xml\" and \"xl\\worksheets\\Sheet1.xml\" get both displayed as \"Sheet1.xml\" on the same level) could be better distinguished.<br />",
    "PostedDate": "2006-12-10T15:10:53.087-08:00",
    "UserRole": null,
    "MarkedAsAnswerDate": null
  },
  {
    "Id": "8908",
    "ThreadId": "179",
    "Html": "\r\nHi,<br /><br />another wish: Would it be possible to have the file to open be specified on the command line? Then PackageExplorer could be integrated into the context menu of Word/Office documents easily.<br /><br />Dirk<br />",
    "PostedDate": "2006-12-11T03:48:20.437-08:00",
    "UserRole": null,
    "MarkedAsAnswerDate": null
  },
  {
    "Id": "8925",
    "ThreadId": "179",
    "Html": "\r\nHi guys,<br /><br />thanks for your feedback. Sorry my reply took so long (mruminer), I don't receive a notification email when new posts have been added.<br /><br />I'll implement the requested features this week somewhere.<br /><br />Thanks!<br />",
    "PostedDate": "2006-12-11T09:44:34.92-08:00",
    "UserRole": null,
    "MarkedAsAnswerDate": null
  },
  {
    "Id": "8926",
    "ThreadId": "179",
    "Html": "\r\nDirk, one issue around opening Package Explorer from inside Office, is that Office locks the files it has open so the Package Explorer can't read the files. I can implement this feature using 1 line of code somewhere, but your scenario will not work I am afraid.<br /><br />Regarding the Document Inspector. I agree on that something needs to change there to improve usability. However, showing full paths will severely affect the size of the Document Inspector control. I am trying to think of a solution which does improve the usability, but does not affect the display to much.<br /><br />Wouter<br />",
    "PostedDate": "2006-12-11T09:50:22.937-08:00",
    "UserRole": null,
    "MarkedAsAnswerDate": null
  },
  {
    "Id": "9099",
    "ThreadId": "179",
    "Html": "\r\nSorry, I think I was unclear with the context menu stuff...<br /><br />What I meant is the context menu of Windows Explorer, e.g. with a right-click on a Word document you could then open it using Open with... / Package Explorer.<br /><br />Inside Word this functionality would be a bit too tricky considering all the cases (document not saved, locked documents etc) and I think it is not needed there.<br /><br />Concerning the document inspector: Well, it is not that important, just \"nice to have\"<br /><br />Thanks for your work. If you need any more help in developing/testing/... let me know.<br /><br />/Dirk<br />",
    "PostedDate": "2006-12-13T06:27:07.263-08:00",
    "UserRole": null,
    "MarkedAsAnswerDate": null
  },
  {
    "Id": "33206",
    "ThreadId": "179",
    "Html": "\r\nCTRL+TAB to switch between open xml files<br /><br />CTRL+F to search<br /><br />Document Inspector should be open as default (or option to do so)<br /><br /><br />thx for a very nice util :-)<br /><br />AndersR<br />",
    "PostedDate": "2007-05-14T12:30:22.42-07:00",
    "UserRole": null,
    "MarkedAsAnswerDate": null
  },
  {
    "Id": "33332",
    "ThreadId": "179",
    "Html": "\r\nAlso a full path in menubar to the opened xml document, so you can see what package the file belongs to.<br /><br />This would be nice since you often open alot of documents from different packages with the same name...<br /><br />AndersR<br />",
    "PostedDate": "2007-05-15T06:47:17.17-07:00",
    "UserRole": null,
    "MarkedAsAnswerDate": null
  },
  {
    "Id": "36311",
    "ThreadId": "179",
    "Html": "\r\nI second the CTRL+F/find suggestion. There should be find, replace, and replace all within individual parts in a package.<br />Also, a few checkboxes to narrow the scope would be nice, e.g. to search blue/brown/red/black text only.<br />",
    "PostedDate": "2007-06-10T07:53:45.53-07:00",
    "UserRole": null,
    "MarkedAsAnswerDate": null
  },
  {
    "Id": "57835",
    "ThreadId": "179",
    "Html": "\r\nHi Wouter!<br />One thing that would really make my day much easier, is the ability to rename files in the customXML folder.<br /><br />The reason for this request is the lacking support for a Table Content Control.  I've yet only encountered one \"best practise\" on this; Microsoft's OpenXML Workshop using a bookmark to identify a table for merging.  Works fine for just one table, but when a document contains many bookmarks and many tables (some tables to be merged, others not) things become complicated.  My strategy for this is to use bookmarks as in the workshop.  If a table is found at the bookmark, check if the doument has a corresponding xml file in the customXML folder. (where name of bookmark equals name of the xml file). <br />If anyone has other strategies or approaches to this problem, please share your thoughts.<br /><br />Thank you Wouter for your efforts.  Your sessions at TechEd Barcelona were truely excellent :-)<br />",
    "PostedDate": "2007-11-12T04:49:09.18-08:00",
    "UserRole": null,
    "MarkedAsAnswerDate": null
  }
]