[
  {
    "Id": "179",
    "Title": "Discuss new features",
    "LatestDate": "2007-11-12T04:49:09.18-08:00"
  },
  {
    "Id": "9133",
    "Title": "custom XML visibility",
    "LatestDate": "2007-04-19T00:02:45.973-07:00"
  },
  {
    "Id": "17601",
    "Title": "How can I add a new worksheet part ?",
    "LatestDate": "2007-12-06T04:42:31.8-08:00"
  },
  {
    "Id": "20034",
    "Title": "Building in Mono - System.IO.Packaging",
    "LatestDate": "2008-01-06T21:15:07.197-08:00"
  },
  {
    "Id": "22646",
    "Title": "VMware",
    "LatestDate": "2008-02-22T02:16:41.72-08:00"
  },
  {
    "Id": "24420",
    "Title": "Xml Formating",
    "LatestDate": "2008-08-21T06:06:43.43-07:00"
  },
  {
    "Id": "46107",
    "Title": "Pfx password",
    "LatestDate": "2009-11-18T01:54:21.087-08:00"
  },
  {
    "Id": "58479",
    "Title": "Is RC1 broken?",
    "LatestDate": "2009-06-04T21:03:34.733-07:00"
  },
  {
    "Id": "222961",
    "Title": "Version 3.0 RC1 -- Option to Format When Viewing XML",
    "LatestDate": "2010-08-09T10:39:50.357-07:00"
  },
  {
    "Id": "264367",
    "Title": "Dead project?",
    "LatestDate": "2011-07-08T00:26:51.447-07:00"
  },
  {
    "Id": "281333",
    "Title": "Alternative: Open XML Package Editor Power Tool for VS 2010",
    "LatestDate": "2011-11-30T09:07:59.04-08:00"
  },
  {
    "Id": "445329",
    "Title": "Read Excel 2007 file with Open XML - Identify blank cell",
    "LatestDate": "2013-05-29T06:52:52.103-07:00"
  }
]