{
  "WorkItem": {
    "AffectedComponent": {
      "Name": "WinForms UI",
      "DisplayName": "WinForms UI"
    },
    "ClosedComment": "",
    "ClosedDate": null,
    "CommentCount": 0,
    "Custom": null,
    "Description": "Steps to re-produce:\n1. Start the app.\n2. View->Document inspector\n3. Drag and move the splitter to left. The splitter which is at the right edge of the \"document inspector\" pane.\n4. Repeat the #3 (~4-6 times usualy enough)\n \nActual result: \nThe apps hangs up.\n \nI use Vista64 Ultimate.\nHere I pested the info which come up:\n \n   at WeifenLuo.WinFormsUI.DockPanel.set_DockLeftPortion(Double value)\n   at WeifenLuo.WinFormsUI.DragHandler.DockWindowSplitter_OnEndDrag(Boolean abort)\n   at WeifenLuo.WinFormsUI.DragHandlerBase.EndDrag(Boolean abort)\n   at WeifenLuo.WinFormsUI.DragHandlerBase.System.Windows.Forms.IMessageFilter.PreFilterMessage(Message& m)\n   at System.Windows.Forms.Application.ThreadContext.ProcessFilters(MSG& msg, Boolean& modified)\n   at System.Windows.Forms.Application.ThreadContext.PreTranslateMessage(MSG& msg)\n   at System.Windows.Forms.Application.ComponentManager.System.Windows.Forms.UnsafeNativeMethods.IMsoComponentManager.FPushMessageLoop(Int32 dwComponentID, Int32 reason, Int32 pvLoopData)\n   at System.Windows.Forms.Application.ThreadContext.RunMessageLoopInner(Int32 reason, ApplicationContext context)\n   at System.Windows.Forms.Application.ThreadContext.RunMessageLoop(Int32 reason, ApplicationContext context)\n   at PackageExplorer.Program.Main(String[] args)",
    "LastUpdatedDate": "2013-06-13T23:55:08.027-07:00",
    "PlannedForRelease": "V3.0.0 RC1",
    "ReleaseVisibleToPublic": true,
    "Priority": {
      "Name": "High",
      "Severity": 150,
      "Id": 3
    },
    "ProjectName": "PackageExplorer",
    "ReportedDate": "2007-04-27T02:37:19.777-07:00",
    "Status": {
      "Name": "Resolved",
      "Id": 7
    },
    "ReasonClosed": {
      "Name": "Unassigned"
    },
    "Summary": "Hangs up when moving the splitter",
    "Type": {
      "Name": "Issue",
      "Id": 3
    },
    "VoteCount": 2,
    "Id": 9923
  },
  "FileAttachments": [],
  "Comments": [
    {
      "Message": "I had the same problem.  Also running Vista Ultimate x64",
      "PostedDate": "2007-05-16T10:41:03.987-07:00",
      "Id": -2147483648
    },
    {
      "Message": "",
      "PostedDate": "2007-05-20T10:59:49.613-07:00",
      "Id": -2147483648
    },
    {
      "Message": "",
      "PostedDate": "2007-05-20T11:00:34.757-07:00",
      "Id": -2147483648
    },
    {
      "Message": "I am unable to reproduce this problem on my machine.  The second difficulty will be the stacktrace. My code is not executing, hence I cannot fix this issue.",
      "PostedDate": "2007-06-06T10:12:05.937-07:00",
      "Id": -2147483648
    },
    {
      "Message": "The Weifenluo docking library is incompatible with 64 bit operating systems. My guess is due to parsing of window messages. This will not be fixed immediately as I have no alternative to the docking UI. The architecture does allow easy switching of docking library, it is fully factored out.V3.0.0 does not support 64 bit operating systems",
      "PostedDate": "2007-08-04T14:20:26.55-07:00",
      "Id": -2147483648
    },
    {
      "Message": "",
      "PostedDate": "2007-08-04T14:20:27.223-07:00",
      "Id": -2147483648
    },
    {
      "Message": "Error found to be due to lacking 64bit support in Weifenluo docking library. Status will move to closed. I will seek other support for docking on 64 bit operating systems.",
      "PostedDate": "2007-08-10T09:45:10.05-07:00",
      "Id": -2147483648
    },
    {
      "Message": "",
      "PostedDate": "2007-08-10T09:45:38.82-07:00",
      "Id": -2147483648
    },
    {
      "Message": "",
      "PostedDate": "2013-02-13T18:56:38.59-08:00",
      "Id": -2147483648
    },
    {
      "Message": "",
      "PostedDate": "2013-05-16T00:53:01.1-07:00",
      "Id": -2147483648
    },
    {
      "Message": "",
      "PostedDate": "2013-05-16T00:53:01.207-07:00",
      "Id": -2147483648
    },
    {
      "Message": "",
      "PostedDate": "2013-06-13T23:55:08.027-07:00",
      "Id": -2147483648
    }
  ]
}