{
  "WorkItem": {
    "AffectedComponent": {
      "Name": "WinForms UI",
      "DisplayName": "WinForms UI"
    },
    "ClosedComment": "",
    "ClosedDate": null,
    "CommentCount": 0,
    "Custom": null,
    "Description": "I'm having a crash running 3.0.0 RC1, have not been able to pass this...\n \nHere's my (Dutch localized...) stack trace:\n \n   bij System.RuntimeTypeHandle.CreateInstance(RuntimeType type, Boolean publicOnly, Boolean noCheck, Boolean& canBeCached, RuntimeMethodHandle& ctor, Boolean& bNeedSecurityCheck)\n   bij System.RuntimeType.CreateInstanceSlow(Boolean publicOnly, Boolean fillCache)\n   bij System.RuntimeType.CreateInstanceImpl(Boolean publicOnly, Boolean skipVisibilityChecks, Boolean fillCache)\n   bij System.Activator.CreateInstance(Type type, Boolean nonPublic)\n   bij System.RuntimeType.CreateInstanceImpl(BindingFlags bindingAttr, Binder binder, Object[] args, CultureInfo culture, Object[] activationAttributes)\n   bij System.Activator.CreateInstance(Type type, BindingFlags bindingAttr, Binder binder, Object[] args, CultureInfo culture, Object[] activationAttributes)\n   bij System.Reflection.Assembly.CreateInstance(String typeName, Boolean ignoreCase)\n   bij PackageExplorer.Core.AddInModel.AddIn.CreateObject(String className) in C:\\Documents and Settings\\Wouter\\My Documents\\Visual Studio 2005\\Projects\\PackageExplorer\\PackageExplorer.Core\\AddInModel\\AddIn.cs:regel 215\n   bij PackageExplorer.Core.AddInModel.Codons.ClassCodon.BuildItem(Object owner, ArrayList subItems) in C:\\Documents and Settings\\Wouter\\My Documents\\Visual Studio 2005\\Projects\\PackageExplorer\\PackageExplorer.Core\\AddInModel\\Codons\\ClassCodon.cs:regel 37\n   bij PackageExplorer.Core.AddInModel.DefaultAddInTreeNode.BuildItem(Object caller) in C:\\Documents and Settings\\Wouter\\My Documents\\Visual Studio 2005\\Projects\\PackageExplorer\\PackageExplorer.Core\\AddInModel\\DefaultAddInTreeNode.cs:regel 140\n   bij PackageExplorer.Services.WorkbenchService.get_DefaultWorkbench() in C:\\Documents and Settings\\Wouter\\My Documents\\Visual Studio 2005\\Projects\\PackageExplorer\\PackageExplorer\\Services\\WorkbenchService.cs:regel 34\n   bij PackageExplorer.Services.WorkbenchService.CreateInspectorWindow(IContentExplorer explorer, String title, ToolStrip inspectorMenu) in C:\\Documents and Settings\\Wouter\\My Documents\\Visual Studio 2005\\Projects\\PackageExplorer\\PackageExplorer\\Services\\WorkbenchService.cs:regel 124\n   bij PackageExplorer.Commands.CreateInspectorsCommand.Execute() in C:\\Documents and Settings\\Wouter\\My Documents\\Visual Studio 2005\\Projects\\PackageExplorer\\PackageExplorer\\Commands\\CreateInspectorsCommand.cs:regel 46\n   bij PackageExplorer.Program.Main(String[] args) in C:\\Documents and Settings\\Wouter\\My Documents\\Visual Studio 2005\\Projects\\PackageExplorer\\PackageExplorer\\Program.cs:regel 56",
    "LastUpdatedDate": "2013-06-13T23:55:07.303-07:00",
    "PlannedForRelease": "V3.0.0 RC1",
    "ReleaseVisibleToPublic": true,
    "Priority": {
      "Name": "Low",
      "Severity": 50,
      "Id": 1
    },
    "ProjectName": "PackageExplorer",
    "ReportedDate": "2007-08-07T12:45:12.84-07:00",
    "Status": {
      "Name": "Resolved",
      "Id": 7
    },
    "ReasonClosed": {
      "Name": "Unassigned"
    },
    "Summary": "Crash on opening 3.0.0 RC1",
    "Type": {
      "Name": "Issue",
      "Id": 3
    },
    "VoteCount": 3,
    "Id": 12112
  },
  "FileAttachments": [],
  "Comments": [
    {
      "Message": "Maarten, have you got an exception message for me as well?",
      "PostedDate": "2007-08-08T01:35:10.237-07:00",
      "Id": -2147483648
    },
    {
      "Message": "",
      "PostedDate": "2007-08-09T14:09:29.54-07:00",
      "Id": -2147483648
    },
    {
      "Message": "I'm getting the same thing I thing. My stack trace (Windows server 2003 Standard edition)\r\n\r\n   at System.RuntimeTypeHandle.CreateInstance(RuntimeType type, Boolean publicOnly, Boolean noCheck, Boolean& canBeCached, RuntimeMethodHandle& ctor, Boolean& bNeedSecurityCheck)   at System.RuntimeType.CreateInstanceSlow(Boolean publicOnly, Boolean fillCache)   at System.RuntimeType.CreateInstanceImpl(Boolean publicOnly, Boolean skipVisibilityChecks, Boolean fillCache)   at System.Activator.CreateInstance(Type type, Boolean nonPublic)   at System.RuntimeType.CreateInstanceImpl(BindingFlags bindingAttr, Binder binder, Object[] args, CultureInfo culture, Object[] activationAttributes)   at System.Activator.CreateInstance(Type type, BindingFlags bindingAttr, Binder binder, Object[] args, CultureInfo culture, Object[] activationAttributes)   at System.Reflection.Assembly.CreateInstance(String typeName, Boolean ignoreCase)   at PackageExplorer.Core.AddInModel.AddIn.CreateObject(String className) in C:\\Documents and Settings\\Wouter\\My Documents\\Visual Studio 2005\\Projects\\PackageExplorer\\PackageExplorer.Core\\AddInModel\\AddIn.cs:line 215   at PackageExplorer.Core.AddInModel.Codons.ClassCodon.BuildItem(Object owner, ArrayList subItems) in C:\\Documents and Settings\\Wouter\\My Documents\\Visual Studio 2005\\Projects\\PackageExplorer\\PackageExplorer.Core\\AddInModel\\Codons\\ClassCodon.cs:line 37   at PackageExplorer.Core.AddInModel.DefaultAddInTreeNode.BuildItem(Object caller) in C:\\Documents and Settings\\Wouter\\My Documents\\Visual Studio 2005\\Projects\\PackageExplorer\\PackageExplorer.Core\\AddInModel\\DefaultAddInTreeNode.cs:line 140   at PackageExplorer.Services.WorkbenchService.get_DefaultWorkbench() in C:\\Documents and Settings\\Wouter\\My Documents\\Visual Studio 2005\\Projects\\PackageExplorer\\PackageExplorer\\Services\\WorkbenchService.cs:line 34   at PackageExplorer.Services.WorkbenchService.CreateInspectorWindow(IContentExplorer explorer, String title, ToolStrip inspectorMenu) in C:\\Documents and Settings\\Wouter\\My Documents\\Visual Studio 2005\\Projects\\PackageExplorer\\PackageExplorer\\Services\\WorkbenchService.cs:line 124   at PackageExplorer.Commands.CreateInspectorsCommand.Execute() in C:\\Documents and Settings\\Wouter\\My Documents\\Visual Studio 2005\\Projects\\PackageExplorer\\PackageExplorer\\Commands\\CreateInspectorsCommand.cs:line 46   at PackageExplorer.Program.Main(String[] args) in C:\\Documents and Settings\\Wouter\\My Documents\\Visual Studio 2005\\Projects\\PackageExplorer\\PackageExplorer\\Program.cs:line 56",
      "PostedDate": "2007-08-09T14:10:34.963-07:00",
      "Id": -2147483648
    },
    {
      "Message": "",
      "PostedDate": "2007-08-10T01:36:30.513-07:00",
      "Id": -2147483648
    },
    {
      "Message": "Guys, I feel that this is a culture related issue. (since the class name I am trying to instantiate should be correct as it is for me). Can you inform me what cutlure settings are being used on your machines?Also, I noticed that I constructed an error dialog which hides the exception message :( I'll get an updated version for you to try which does mention the correct error name.",
      "PostedDate": "2007-08-10T02:45:33.31-07:00",
      "Id": -2147483648
    },
    {
      "Message": "",
      "PostedDate": "2007-08-10T09:43:34.267-07:00",
      "Id": -2147483648
    },
    {
      "Message": "",
      "PostedDate": "2013-02-13T18:56:37.75-08:00",
      "Id": -2147483648
    },
    {
      "Message": "",
      "PostedDate": "2013-05-16T00:52:59.767-07:00",
      "Id": -2147483648
    },
    {
      "Message": "",
      "PostedDate": "2013-05-16T00:53:00.257-07:00",
      "Id": -2147483648
    },
    {
      "Message": "",
      "PostedDate": "2013-06-13T23:55:07.303-07:00",
      "Id": -2147483648
    }
  ]
}