[
  {
    "Id": 367,
    "Title": "Relationship panel doesn't update when using 'Close All But This' on the tabpages"
  },
  {
    "Id": 6356,
    "Title": "Binary Editor crashes on large files"
  },
  {
    "Id": 6387,
    "Title": "Browsing into embedded subpackages raises exception"
  },
  {
    "Id": 6396,
    "Title": "Hanging when opening embedded image"
  },
  {
    "Id": 8200,
    "Title": "Crash when opening app"
  },
  {
    "Id": 9923,
    "Title": "Hangs up when moving the splitter"
  },
  {
    "Id": 10129,
    "Title": "About box & version info"
  },
  {
    "Id": 10229,
    "Title": "Application Hangs when reaload an external modified doc"
  },
  {
    "Id": 10383,
    "Title": "Open Workbook Protected Excel 2007 Files"
  },
  {
    "Id": 11792,
    "Title": "Improve XML identation"
  },
  {
    "Id": 12112,
    "Title": "Crash on opening 3.0.0 RC1"
  },
  {
    "Id": 22701,
    "Title": "Validate crashes if document contains altChunk"
  },
  {
    "Id": 26287,
    "Title": "Foreign characters not saved properly"
  },
  {
    "Id": 28000,
    "Title": "program error"
  },
  {
    "Id": 28486,
    "Title": "Version 3.0 RC1 Main Window Persists Location, But Not Bounds"
  },
  {
    "Id": 34030,
    "Title": "Resizing explorer size crash application"
  }
]