{
  "WorkItem": {
    "AffectedComponent": {
      "Name": "WinForms UI",
      "DisplayName": "WinForms UI"
    },
    "ClosedComment": "",
    "ClosedDate": null,
    "CommentCount": 0,
    "Custom": null,
    "Description": "Could be a nice feature to format OpenXML to ident every element, just like IE do.\nCollapsing nodes doesn't need to be added, IMHO.",
    "LastUpdatedDate": "2013-06-13T23:55:07.847-07:00",
    "PlannedForRelease": "V3.0.0 RC1",
    "ReleaseVisibleToPublic": true,
    "Priority": {
      "Name": "Low",
      "Severity": 50,
      "Id": 1
    },
    "ProjectName": "PackageExplorer",
    "ReportedDate": "2007-07-18T12:20:47.877-07:00",
    "Status": {
      "Name": "Resolved",
      "Id": 7
    },
    "ReasonClosed": {
      "Name": "Unassigned"
    },
    "Summary": "Improve XML identation",
    "Type": {
      "Name": "Feature",
      "Id": 1
    },
    "VoteCount": 1,
    "Id": 11792
  },
  "FileAttachments": [],
  "Comments": [
    {
      "Message": "3.0.0 version contains format document button for XML editor",
      "PostedDate": "2007-08-04T14:18:13.907-07:00",
      "Id": -2147483648
    },
    {
      "Message": "",
      "PostedDate": "2007-08-04T14:18:18.53-07:00",
      "Id": -2147483648
    },
    {
      "Message": "",
      "PostedDate": "2013-02-13T18:56:37.913-08:00",
      "Id": -2147483648
    },
    {
      "Message": "",
      "PostedDate": "2013-05-16T00:53:00.41-07:00",
      "Id": -2147483648
    },
    {
      "Message": "",
      "PostedDate": "2013-05-16T00:53:00.57-07:00",
      "Id": -2147483648
    },
    {
      "Message": "",
      "PostedDate": "2013-06-13T23:55:07.847-07:00",
      "Id": -2147483648
    }
  ]
}