{
  "WorkItem": {
    "AffectedComponent": {
      "Name": "",
      "DisplayName": ""
    },
    "ClosedComment": "",
    "ClosedDate": null,
    "CommentCount": 0,
    "Custom": null,
    "Description": "Apparently it attempts to treat it as an XML document, while it can be several types of document: html, xml or in my case: docx.\n \nThis is the exception:\nData at the root level is invalid. Line 1, position 1.\n \n   at System.Xml.XmlTextReaderImpl.Throw(Exception e)\n   at System.Xml.XmlTextReaderImpl.ParseRootLevelWhitespace()\n   at System.Xml.XmlTextReaderImpl.ParseDocumentContent()\n   at System.Xml.XmlLoader.Load(XmlDocument doc, XmlReader reader, Boolean preserveWhitespace)\n   at System.Xml.XmlDocument.Load(XmlReader reader)\n   at System.Xml.XmlDocument.Load(Stream inStream)\n   at PackageExplorer.AddIns.ValidationInspector.DefaultValidationService.ValidatePart(DocumentPart documentPart, XmlSchemaSet schemas) in C:\\Documents and Settings\\Wouter\\My Documents\\Visual Studio 2005\\Projects\\PackageExplorer\\PackageExplorer.AddIns.ValidationInspector\\DefaultValidationService.cs:line 84\n   at PackageExplorer.AddIns.ValidationInspector.DefaultValidationService.Validate(DocumentPart documentPart) in C:\\Documents and Settings\\Wouter\\My Documents\\Visual Studio 2005\\Projects\\PackageExplorer\\PackageExplorer.AddIns.ValidationInspector\\DefaultValidationService.cs:line 62\n   at PackageExplorer.AddIns.ValidationInspector.ValidateDocumentPartCommand.Execute() in C:\\Documents and Settings\\Wouter\\My Documents\\Visual Studio 2005\\Projects\\PackageExplorer\\PackageExplorer.AddIns.ValidationInspector\\ValidateDocumentPartCommand.cs:line 39\n   at PackageExplorer.UI.Menu.ToolStripMenuItem.OnClick(EventArgs e) in C:\\Documents and Settings\\Wouter\\My Documents\\Visual Studio 2005\\Projects\\PackageExplorer\\PackageExplorer\\UI\\Menu\\ToolStripMenuItem.cs:line 62\n   at System.Windows.Forms.ToolStripItem.HandleClick(EventArgs e)\n   at System.Windows.Forms.ToolStripItem.HandleMouseUp(MouseEventArgs e)\n   at System.Windows.Forms.ToolStrip.OnMouseUp(MouseEventArgs mea)\n   at System.Windows.Forms.ToolStripDropDown.OnMouseUp(MouseEventArgs mea)\n   at System.Windows.Forms.Control.WmMouseUp(Message& m, MouseButtons button, Int32 clicks)\n   at System.Windows.Forms.Control.WndProc(Message& m)\n   at System.Windows.Forms.ToolStrip.WndProc(Message& m)\n   at System.Windows.Forms.ToolStripDropDown.WndProc(Message& m)\n   at System.Windows.Forms.Control.ControlNativeWindow.WndProc(Message& m)\n   at System.Windows.Forms.NativeWindow.Callback(IntPtr hWnd, Int32 msg, IntPtr wparam, IntPtr lparam)",
    "LastUpdatedDate": "2013-02-13T18:56:37.563-08:00",
    "PlannedForRelease": "",
    "ReleaseVisibleToPublic": false,
    "Priority": {
      "Name": "Low",
      "Severity": 50,
      "Id": 1
    },
    "ProjectName": "PackageExplorer",
    "ReportedDate": "2009-05-25T12:32:10.067-07:00",
    "Status": {
      "Name": "Proposed",
      "Id": 1
    },
    "ReasonClosed": {
      "Name": "Unassigned"
    },
    "Summary": "Validate crashes if document contains altChunk",
    "Type": {
      "Name": "Issue",
      "Id": 3
    },
    "VoteCount": 1,
    "Id": 22701
  },
  "FileAttachments": [],
  "Comments": []
}