{
  "WorkItem": {
    "AffectedComponent": {
      "Name": "",
      "DisplayName": ""
    },
    "ClosedComment": "Resolved. New change watcher implemented using new service model. Code moved to UI layer instead of in core",
    "ClosedDate": "2007-06-06T12:08:45.21-07:00",
    "CommentCount": 0,
    "Custom": null,
    "Description": "When you open the doc, uses the document inspector, open any xml file to view in, lauch the external program to modify it, save, close, it ask you to reload, reload it and it will hangs!!",
    "LastUpdatedDate": "2013-05-16T00:53:00.77-07:00",
    "PlannedForRelease": "V3.0.0 RC1",
    "ReleaseVisibleToPublic": true,
    "Priority": {
      "Name": "Low",
      "Severity": 50,
      "Id": 1
    },
    "ProjectName": "PackageExplorer",
    "ReportedDate": "2007-05-11T08:38:22.25-07:00",
    "Status": {
      "Name": "Closed",
      "Id": 4
    },
    "ReasonClosed": {
      "Name": "Unassigned"
    },
    "Summary": "Application Hangs when reaload an external modified doc",
    "Type": {
      "Name": "Issue",
      "Id": 3
    },
    "VoteCount": 2,
    "Id": 10229
  },
  "FileAttachments": [],
  "Comments": [
    {
      "Message": "You can use the sample file for testing",
      "PostedDate": "2007-05-16T09:35:53.623-07:00",
      "Id": -2147483648
    },
    {
      "Message": "",
      "PostedDate": "2007-05-20T10:59:50.52-07:00",
      "Id": -2147483648
    },
    {
      "Message": "",
      "PostedDate": "2007-05-20T11:00:36.507-07:00",
      "Id": -2147483648
    },
    {
      "Message": "This is a known issue, and 100% my stupidity. I will resolve this for the next version.",
      "PostedDate": "2007-06-06T10:13:14.33-07:00",
      "Id": -2147483648
    },
    {
      "Message": "",
      "PostedDate": "2007-06-06T12:08:15.067-07:00",
      "Id": -2147483648
    },
    {
      "Message": "",
      "PostedDate": "2007-06-06T12:08:45.21-07:00",
      "Id": -2147483648
    },
    {
      "Message": "",
      "PostedDate": "2013-02-13T18:56:38.25-08:00",
      "Id": -2147483648
    },
    {
      "Message": "",
      "PostedDate": "2013-05-16T00:53:00.77-07:00",
      "Id": -2147483648
    }
  ]
}