{
  "WorkItem": {
    "AffectedComponent": {
      "Name": "",
      "DisplayName": ""
    },
    "ClosedComment": "",
    "ClosedDate": null,
    "CommentCount": 0,
    "Custom": null,
    "Description": "Repro step :\n\n1. Open PackageExplorer\n2. Use the Windows 7 auto docking to dock on right of my screen to use alf of it\n3. Resize the treeview size for less width",
    "LastUpdatedDate": "2013-05-07T11:31:35.12-07:00",
    "PlannedForRelease": "",
    "ReleaseVisibleToPublic": false,
    "Priority": {
      "Name": "Unassigned",
      "Severity": 0,
      "Id": 0
    },
    "ProjectName": "PackageExplorer",
    "ReportedDate": "2013-05-07T11:31:35.12-07:00",
    "Status": {
      "Name": "Proposed",
      "Id": 1
    },
    "ReasonClosed": {
      "Name": "Unassigned"
    },
    "Summary": "Resizing explorer size crash application",
    "Type": {
      "Name": "Issue",
      "Id": 3
    },
    "VoteCount": 1,
    "Id": 34030
  },
  "FileAttachments": [],
  "Comments": []
}