{
  "WorkItem": {
    "AffectedComponent": {
      "Name": "WinForms UI",
      "DisplayName": "WinForms UI"
    },
    "ClosedComment": "",
    "ClosedDate": null,
    "CommentCount": 0,
    "Custom": null,
    "Description": "When you choose 'Close All But This' on the context menu of the tabpages, the Relationship panel is left not-updated (empty even though a document part is selected in the tabcontrol)",
    "LastUpdatedDate": "2013-06-13T23:55:08.24-07:00",
    "PlannedForRelease": "V3.0.0 RC1",
    "ReleaseVisibleToPublic": true,
    "Priority": {
      "Name": "Low",
      "Severity": 50,
      "Id": 1
    },
    "ProjectName": "PackageExplorer",
    "ReportedDate": "2006-06-08T22:42:42.203-07:00",
    "Status": {
      "Name": "Resolved",
      "Id": 7
    },
    "ReasonClosed": {
      "Name": "Unassigned"
    },
    "Summary": "Relationship panel doesn't update when using 'Close All But This' on the tabpages",
    "Type": {
      "Name": "Issue",
      "Id": 3
    },
    "VoteCount": 0,
    "Id": 367
  },
  "FileAttachments": [],
  "Comments": []
}