{
  "WorkItem": {
    "AffectedComponent": {
      "Name": "Application Core",
      "DisplayName": "Application Core"
    },
    "ClosedComment": "",
    "ClosedDate": null,
    "CommentCount": 0,
    "Custom": null,
    "Description": "Hi,\n \nIm interested if its possible to get an Excel 2007 with Workbook Protection turned on to be viewd in the explorer.\n \nIf workshhet protection is the infoamrion is in the XML but for Workbook protection the file seems to get encrypted. Has anyone anyinformation on this?\n \nWould like to know of a way to provide the password for it to be decrypted into a state to unzip the file again for the XML.\n \nMany Thanks\n \nGary Howlett",
    "LastUpdatedDate": "2017-12-11T04:09:09.723-08:00",
    "PlannedForRelease": "V3.0.0 RC1",
    "ReleaseVisibleToPublic": true,
    "Priority": {
      "Name": "Low",
      "Severity": 50,
      "Id": 1
    },
    "ProjectName": "PackageExplorer",
    "ReportedDate": "2007-05-18T05:43:52.92-07:00",
    "Status": {
      "Name": "Proposed",
      "Id": 1
    },
    "ReasonClosed": {
      "Name": "Unassigned"
    },
    "Summary": "Open Workbook Protected Excel 2007 Files",
    "Type": {
      "Name": "Feature",
      "Id": 1
    },
    "VoteCount": 1,
    "Id": 10383
  },
  "FileAttachments": [],
  "Comments": [
    {
      "Message": "This might be possible but I believe the encryption technique is not open. ",
      "PostedDate": "2007-05-20T10:56:42.61-07:00",
      "Id": -2147483648
    },
    {
      "Message": "This will not be available soon.",
      "PostedDate": "2007-08-04T14:21:47.053-07:00",
      "Id": -2147483648
    },
    {
      "Message": "",
      "PostedDate": "2007-08-04T14:21:47.63-07:00",
      "Id": -2147483648
    },
    {
      "Message": "Just to clarify:\r\n\r\nThe encryption technique is actually open - it is just not documented very well and by design left outside of the spec, A password-protected OOXML-file is saved as (when using MS Office) a Compound File and encrypted using the MS Office Crypto API. If you are using the Packaging API in System.IO.Packaging (.Net 3.0) you can use the System.IO.Packaging.EncryptedPackageEnvelope class to manipulate the password protected files.",
      "PostedDate": "2007-11-08T13:44:00.9-08:00",
      "Id": -2147483648
    },
    {
      "Message": "",
      "PostedDate": "2013-02-13T18:56:38.07-08:00",
      "Id": -2147483648
    },
    {
      "Message": "",
      "PostedDate": "2017-12-11T04:09:09.723-08:00",
      "Id": -2147483648
    }
  ]
}