{
  "WorkItem": {
    "AffectedComponent": {
      "Name": "",
      "DisplayName": ""
    },
    "ClosedComment": "",
    "ClosedDate": "2007-06-06T10:06:22.943-07:00",
    "CommentCount": 0,
    "Custom": null,
    "Description": "It's not a bug, but a feature that is apparently missing.\nThe Package Explorer exe file lacks version information & there's no about box in the application itself, so it's hard to check if one has current version of PE or not. It'd be nice if those two did exist. The about box could also contain clickable URL of this site, to make checking for new version easier.\nIt'd be best if there was some \"Check for updates\" function in the app (nothing automatic), which would compare the application's version with current version number on the web and inform the user if they are same or not and in the second case would give the user some link/button to click to enter the download page.\n \nThank you for otherwise very good application.",
    "LastUpdatedDate": "2013-05-16T00:53:00.93-07:00",
    "PlannedForRelease": "V3.0.0 RC1",
    "ReleaseVisibleToPublic": true,
    "Priority": {
      "Name": "Low",
      "Severity": 50,
      "Id": 1
    },
    "ProjectName": "PackageExplorer",
    "ReportedDate": "2007-05-07T10:12:18.8-07:00",
    "Status": {
      "Name": "Closed",
      "Id": 4
    },
    "ReasonClosed": {
      "Name": "Unassigned"
    },
    "Summary": "About box & version info",
    "Type": {
      "Name": "Issue",
      "Id": 3
    },
    "VoteCount": 1,
    "Id": 10129
  },
  "FileAttachments": [],
  "Comments": [
    {
      "Message": "I'm as dumb as it gets. I'm using Windows Vista for some time now, but I did not noticed (untill now), that it shows file version info in different tab than Windows XP was. The PE apparently does have correct file version info, for which I'm very grateful. Still it'd be nice if that info was visible in the application's about box (and mentioned before \"Check for updates\" function was present).",
      "PostedDate": "2007-05-07T10:51:04.217-07:00",
      "Id": -2147483648
    },
    {
      "Message": "",
      "PostedDate": "2007-05-20T10:59:46.69-07:00",
      "Id": -2147483648
    },
    {
      "Message": "",
      "PostedDate": "2007-06-03T01:49:21.563-07:00",
      "Id": -2147483648
    },
    {
      "Message": "",
      "PostedDate": "2007-06-06T10:06:22.943-07:00",
      "Id": -2147483648
    },
    {
      "Message": "",
      "PostedDate": "2013-02-13T18:56:38.42-08:00",
      "Id": -2147483648
    },
    {
      "Message": "",
      "PostedDate": "2013-05-16T00:53:00.93-07:00",
      "Id": -2147483648
    }
  ]
}