{
  "WorkItem": {
    "AffectedComponent": {
      "Name": "",
      "DisplayName": ""
    },
    "ClosedComment": "",
    "ClosedDate": null,
    "CommentCount": 0,
    "Custom": null,
    "Description": "My document.xml contains French characters.\n \n     <w:t>RÉPUBLIQUE FRANÇAISE</w:t>\n \nIf I edit the part using Package Explorer, and save it, Word is no longer able to open the document.",
    "LastUpdatedDate": "2013-02-13T18:56:37.363-08:00",
    "PlannedForRelease": "",
    "ReleaseVisibleToPublic": false,
    "Priority": {
      "Name": "Low",
      "Severity": 50,
      "Id": 1
    },
    "ProjectName": "PackageExplorer",
    "ReportedDate": "2010-02-20T16:53:45.813-08:00",
    "Status": {
      "Name": "Proposed",
      "Id": 1
    },
    "ReasonClosed": {
      "Name": "Unassigned"
    },
    "Summary": "Foreign characters not saved properly",
    "Type": {
      "Name": "Issue",
      "Id": 3
    },
    "VoteCount": 1,
    "Id": 26287
  },
  "FileAttachments": [],
  "Comments": []
}