{
  "WorkItem": {
    "AffectedComponent": {
      "Name": "",
      "DisplayName": ""
    },
    "ClosedComment": "",
    "ClosedDate": null,
    "CommentCount": 0,
    "Custom": null,
    "Description": "When I start up the application, the window is in the right location, but the size is incorrect. \n \nScreen shot attached.",
    "LastUpdatedDate": "2013-02-13T18:56:36.627-08:00",
    "PlannedForRelease": "",
    "ReleaseVisibleToPublic": false,
    "Priority": {
      "Name": "Low",
      "Severity": 50,
      "Id": 1
    },
    "ProjectName": "PackageExplorer",
    "ReportedDate": "2010-08-09T10:35:15.463-07:00",
    "Status": {
      "Name": "Proposed",
      "Id": 1
    },
    "ReasonClosed": {
      "Name": "Unassigned"
    },
    "Summary": "Version 3.0 RC1 Main Window Persists Location, But Not Bounds",
    "Type": {
      "Name": "Issue",
      "Id": 3
    },
    "VoteCount": 1,
    "Id": 28486
  },
  "FileAttachments": [
    {
      "FileId": 10779,
      "FileName": "Screenshot.png",
      "DownloadUrl": ".\\10779"
    }
  ],
  "Comments": []
}