{
  "WorkItem": {
    "AffectedComponent": {
      "Name": "WinForms UI",
      "DisplayName": "WinForms UI"
    },
    "ClosedComment": "Fixed, error in loading docking layout",
    "ClosedDate": "2007-06-06T10:07:31.6-07:00",
    "CommentCount": 0,
    "Custom": null,
    "Description": "I'm using Package Explorer on Vista x64 and get this error when starting the application:\nGUID muss 32 Ziffern mit 4 Bindestrichen enthalten (...)\n \n(GUID has to contain 32 numbers with 4 dashes ...)\n \nThe app continues to run, but it's not possible to open a file.\n \n \nThis is the stack trace:\n bei System.Guid..ctor(String g)\n   bei PackageExplorer.DockPanel.DeserializeDockContentFromPersistString(String persistString)\n   bei WeifenLuo.WinFormsUI.DockPanelPersist.LoadFromXml(DockPanel dockPanel, Stream stream, DeserializeDockContent deserializeContent, Boolean closeStream)\n   bei WeifenLuo.WinFormsUI.DockPanelPersist.LoadFromXml(DockPanel dockPanel, String filename, DeserializeDockContent deserializeContent)\n   bei PackageExplorer.DockPanel.OnCreateControl()\n   bei System.Windows.Forms.Control.CreateControl(Boolean fIgnoreVisible)\n   bei System.Windows.Forms.Control.CreateControl(Boolean fIgnoreVisible)\n   bei System.Windows.Forms.Control.CreateControl(Boolean fIgnoreVisible)\n   bei System.Windows.Forms.Control.CreateControl(Boolean fIgnoreVisible)\n   bei System.Windows.Forms.Control.CreateControl()\n   bei System.Windows.Forms.Control.WmShowWindow(Message& m)\n   bei System.Windows.Forms.Control.WndProc(Message& m)\n   bei System.Windows.Forms.Control.ControlNativeWindow.WndProc(Message& m)\n   bei System.Windows.Forms.NativeWindow.Callback(IntPtr hWnd, Int32 msg, IntPtr wparam, IntPtr lparam)",
    "LastUpdatedDate": "2013-05-16T00:53:01.35-07:00",
    "PlannedForRelease": "V3.0.0 RC1",
    "ReleaseVisibleToPublic": true,
    "Priority": {
      "Name": "High",
      "Severity": 150,
      "Id": 3
    },
    "ProjectName": "PackageExplorer",
    "ReportedDate": "2007-02-13T12:10:02.197-08:00",
    "Status": {
      "Name": "Closed",
      "Id": 4
    },
    "ReasonClosed": {
      "Name": "Unassigned"
    },
    "Summary": "Crash when opening app",
    "Type": {
      "Name": "Issue",
      "Id": 3
    },
    "VoteCount": 2,
    "Id": 8200
  },
  "FileAttachments": [
    {
      "FileId": 3010,
      "FileName": "windowlayout.xml",
      "DownloadUrl": ".\\3010"
    }
  ],
  "Comments": [
    {
      "Message": "I'm attaching the windowlayout.xml file, which I guess is the problem.",
      "PostedDate": "2007-02-13T12:12:55.233-08:00",
      "Id": -2147483648
    },
    {
      "Message": "",
      "PostedDate": "2007-02-13T12:12:56.093-08:00",
      "Id": -2147483648
    },
    {
      "Message": "Same error here.",
      "PostedDate": "2007-02-19T23:50:53.2-08:00",
      "Id": -2147483648
    },
    {
      "Message": "",
      "PostedDate": "2007-02-24T07:29:25.26-08:00",
      "Id": -2147483648
    },
    {
      "Message": "Get the same error - using Windows XP, also German.",
      "PostedDate": "2007-02-25T13:53:37.923-08:00",
      "Id": -2147483648
    },
    {
      "Message": "",
      "PostedDate": "2007-03-01T13:14:59.23-08:00",
      "Id": -2147483648
    },
    {
      "Message": "",
      "PostedDate": "2007-05-20T10:59:48.333-07:00",
      "Id": -2147483648
    },
    {
      "Message": "",
      "PostedDate": "2007-06-06T10:07:31.6-07:00",
      "Id": -2147483648
    },
    {
      "Message": "",
      "PostedDate": "2013-02-13T18:56:38.793-08:00",
      "Id": -2147483648
    },
    {
      "Message": "",
      "PostedDate": "2013-05-16T00:53:01.35-07:00",
      "Id": -2147483648
    }
  ]
}