{
  "WorkItem": {
    "AffectedComponent": {
      "Name": "",
      "DisplayName": ""
    },
    "ClosedComment": "",
    "ClosedDate": null,
    "CommentCount": 0,
    "Custom": null,
    "Description": "I download PackageExplorer-45220.zip,complied and execute,but popup error \"An error occured during application initialization\" \nI don't know why!\n \nthen I download the lastest version source code and complied,execute it,\npopup the same error!\n \nWhy?????????????????\ntell me please\n \ntain",
    "LastUpdatedDate": "2013-02-13T18:56:37.18-08:00",
    "PlannedForRelease": "",
    "ReleaseVisibleToPublic": false,
    "Priority": {
      "Name": "Low",
      "Severity": 50,
      "Id": 1
    },
    "ProjectName": "PackageExplorer",
    "ReportedDate": "2010-07-07T02:59:00.667-07:00",
    "Status": {
      "Name": "Proposed",
      "Id": 1
    },
    "ReasonClosed": {
      "Name": "Unassigned"
    },
    "Summary": "program error",
    "Type": {
      "Name": "Issue",
      "Id": 3
    },
    "VoteCount": 1,
    "Id": 28000
  },
  "FileAttachments": [],
  "Comments": []
}