{
  "WorkItem": {
    "AffectedComponent": {
      "Name": "Application Core",
      "DisplayName": "Application Core"
    },
    "ClosedComment": "Fixed",
    "ClosedDate": "2006-12-10T12:24:43.25-08:00",
    "CommentCount": 0,
    "Custom": null,
    "Description": "Browsing into an embedded subpackage raises a 'Stream cannot seek' exception.",
    "LastUpdatedDate": "2013-05-16T00:53:01.647-07:00",
    "PlannedForRelease": "v2.0.0.0 Beta",
    "ReleaseVisibleToPublic": true,
    "Priority": {
      "Name": "Medium",
      "Severity": 100,
      "Id": 2
    },
    "ProjectName": "PackageExplorer",
    "ReportedDate": "2006-12-10T03:49:33.187-08:00",
    "Status": {
      "Name": "Closed",
      "Id": 4
    },
    "ReasonClosed": {
      "Name": "Unassigned"
    },
    "Summary": "Browsing into embedded subpackages raises exception",
    "Type": {
      "Name": "Issue",
      "Id": 3
    },
    "VoteCount": 1,
    "Id": 6387
  },
  "FileAttachments": [],
  "Comments": []
}