{
  "WorkItem": {
    "AffectedComponent": {
      "Name": "WinForms UI",
      "DisplayName": "WinForms UI"
    },
    "ClosedComment": "Binary editor was removed.",
    "ClosedDate": "2007-06-06T10:07:06.803-07:00",
    "CommentCount": 0,
    "Custom": null,
    "Description": "Binary Editor crashes on large files",
    "LastUpdatedDate": "2013-05-16T00:53:01.813-07:00",
    "PlannedForRelease": "V3.0.0 RC1",
    "ReleaseVisibleToPublic": true,
    "Priority": {
      "Name": "Low",
      "Severity": 50,
      "Id": 1
    },
    "ProjectName": "PackageExplorer",
    "ReportedDate": "2006-12-08T09:31:26.02-08:00",
    "Status": {
      "Name": "Closed",
      "Id": 4
    },
    "ReasonClosed": {
      "Name": "Unassigned"
    },
    "Summary": "Binary Editor crashes on large files",
    "Type": {
      "Name": "Issue",
      "Id": 3
    },
    "VoteCount": 1,
    "Id": 6356
  },
  "FileAttachments": [],
  "Comments": []
}