{
  "WorkItem": {
    "AffectedComponent": {
      "Name": "",
      "DisplayName": ""
    },
    "ClosedComment": "",
    "ClosedDate": "2006-12-11T10:05:26.467-08:00",
    "CommentCount": 0,
    "Custom": null,
    "Description": "Double-clicking in the Document Inspector tree view on an image file hangs the app with 100% CPU load.",
    "LastUpdatedDate": "2017-12-11T04:09:09.25-08:00",
    "PlannedForRelease": "",
    "ReleaseVisibleToPublic": false,
    "Priority": {
      "Name": "High",
      "Severity": 150,
      "Id": 3
    },
    "ProjectName": "PackageExplorer",
    "ReportedDate": "2006-12-10T15:17:08.077-08:00",
    "Status": {
      "Name": "Closed",
      "Id": 4
    },
    "ReasonClosed": {
      "Name": "Unassigned"
    },
    "Summary": "Hanging when opening embedded image",
    "Type": {
      "Name": "Issue",
      "Id": 3
    },
    "VoteCount": 2,
    "Id": 6396
  },
  "FileAttachments": [
    {
      "FileId": 2190,
      "FileName": "Sample1.docx",
      "DownloadUrl": ".\\2190"
    }
  ],
  "Comments": [
    {
      "Message": "Thanks for reporting. The reason this issue exists is tied to the issue with the binary editor. Version 2.0 is a complete rebuild due to heavy changes in the model. The image editor is something which I need to put back in version 2.0, right now it uses the binary editor, which hangs on big files.I'll resolve this by re-adding the image editor.",
      "PostedDate": "2006-12-11T09:53:35.743-08:00",
      "Id": -2147483648
    },
    {
      "Message": "",
      "PostedDate": "2006-12-11T09:54:02.213-08:00",
      "Id": -2147483648
    },
    {
      "Message": "",
      "PostedDate": "2006-12-11T10:03:52.48-08:00",
      "Id": -2147483648
    },
    {
      "Message": "Resolved with changeset 13734.",
      "PostedDate": "2006-12-11T10:05:26.467-08:00",
      "Id": -2147483648
    },
    {
      "Message": "",
      "PostedDate": "2013-02-13T18:56:38.97-08:00",
      "Id": -2147483648
    },
    {
      "Message": "",
      "PostedDate": "2013-05-16T00:53:01.507-07:00",
      "Id": -2147483648
    },
    {
      "Message": "",
      "PostedDate": "2017-12-11T04:09:09.25-08:00",
      "Id": -2147483648
    }
  ]
}