{"Name":"Custom License","Text":"Shared Source Permissive License (SS-PL)\r\nPublished: October 18, 2005\r\n\r\nThis license governs use of the accompanying software. If you use the software,\r\nyou accept this license. If you do not accept the license, do not use the\r\nsoftware.\r\n\r\n1. Definitions\r\n\r\nThe terms \"reproduce,\" \"reproduction\" and \"distribution\" have the same meaning\r\nhere as under U.S. copyright law.\r\n\r\n\"You\" means the licensee of the software.\r\n\r\n\"Licensed patents\" means any Licensor patent claims which read directly on the\r\nsoftware as distributed by Licensor under this license.\r\n\r\n2. Grant of Rights\r\n\r\n(A) Copyright Grant- Subject to the terms of this license, including the\r\nlicense conditions and limitations in section 3, the Licensor grants you a\r\nnon-exclusive, worldwide, royalty-free copyright license to reproduce the\r\nsoftware, prepare derivative works of the software and distribute the software\r\nor any derivative works that you create.\r\n\r\n(B) Patent Grant- Subject to the terms of this license, including the license\r\nconditions and limitations in section 3, the Licensor grants you a non-exclusive,\r\nworldwide, royalty-free patent license under licensed patents to make, have\r\nmade, use, practice, sell, and offer for sale, and/or otherwise dispose of the\r\nsoftware or derivative works of the software.\r\n\r\n3. Conditions and Limitations\r\n\r\n(A) No Trademark License- This license does not grant you any rights to use\r\nLicensor\u2019s name, logo, or trademarks.\r\n\r\n(B) If you begin patent litigation against the Licensor over patents that you\r\nthink may apply to the software (including a cross-claim or counterclaim in a\r\nlawsuit), your license to the software ends automatically.\r\n\r\n(C) If you distribute copies of the software or derivative works, you must\r\nretain all copyright, patent, trademark, and attribution notices that are\r\npresent in the software.\r\n\r\n(D) If you distribute the software or derivative works in source code form you\r\nmay do so only under this license (i.e., you must include a complete copy of\r\nthis license with your distribution), and if you distribute the software or\r\nderivative works in compiled or object code form you may only do so under a\r\nlicense that complies with this license.\r\n\r\n(E) The software is licensed \"as-is.\" You bear the risk of using it. The Licensor\r\ngives no express warranties, guarantees or conditions. You may have additional\r\nconsumer rights under your local laws which this license cannot change. To the\r\nextent permitted under your local laws, the Licensor excludes the implied\r\nwarranties of merchantability, fitness for a particular purpose and\r\nnon-infringement.","Id":191,"ShortName":"Custom","StartDate":"\/Date(1149790864220-0700)\/"}