[
  {
    "Id": "0",
    "Name": "V2.3.0 Production",
    "DevelopmentStatus": "None",
    "Description": "XML highlighting and folding, plus the obvious bug fix.",
    "ReleasedDatge": "0001-01-01T00:00:00",
    "ModifiedDate": "2007-08-07T01:25:05.71-07:00",
    "Files": [
      {
        "Id": "8ff9c7bb-612d-49cf-8de4-e15d6a0b7e29",
        "FileName": "PackageExplorer_V2.3.0_MSI.zip",
        "Url": "./0/8ff9c7bb-612d-49cf-8de4-e15d6a0b7e29",
        "Type": "Application",
        "UploadDate": "2007-04-19T00:30:53.987-07:00"
      },
      {
        "Id": "3ed0a1a8-0f29-4544-af72-77c724759973",
        "FileName": "PackageExplorer_V2.3.0_BIN.zip",
        "Url": "./0/3ed0a1a8-0f29-4544-af72-77c724759973",
        "Type": "Application",
        "UploadDate": "2007-04-19T00:30:53.927-07:00"
      },
      {
        "Id": "a4cbaaad-5f7f-402e-b915-734e5779ffba",
        "FileName": "PackageExplorer_V2.3.0_SRC.zip",
        "Url": "./0/a4cbaaad-5f7f-402e-b915-734e5779ffba",
        "Type": "Source Code",
        "UploadDate": "2007-04-19T00:30:54.05-07:00"
      }
    ]
  },
  {
    "Id": "1",
    "Name": "V2.1.3.0 Production",
    "DevelopmentStatus": "None",
    "Description": "Fix for bug with opening dock layout xml file",
    "ReleasedDatge": "0001-01-01T00:00:00",
    "ModifiedDate": "0001-01-01T00:00:00",
    "Files": [
      {
        "Id": "7441413f-4fa5-4e36-ad54-5067a06cf351",
        "FileName": "PackageExplorer_V2.1.3.0_MSI.zip",
        "Url": "./1/7441413f-4fa5-4e36-ad54-5067a06cf351",
        "Type": "Application",
        "UploadDate": "2007-03-02T00:40:49.75-08:00"
      },
      {
        "Id": "4582a724-01f7-41ff-b455-bf208078b617",
        "FileName": "PackageExplorer_V2.1.3.0_BIN.zip",
        "Url": "./1/4582a724-01f7-41ff-b455-bf208078b617",
        "Type": "Application",
        "UploadDate": "2007-03-02T00:40:49.72-08:00"
      },
      {
        "Id": "edadfc93-5840-4dde-9dbd-60db3d7dc0c0",
        "FileName": "PackageExplorer_v2.1.3.0_SRC.zip",
        "Url": "./1/edadfc93-5840-4dde-9dbd-60db3d7dc0c0",
        "Type": "Source Code",
        "UploadDate": "2007-03-02T00:40:49.813-08:00"
      }
    ]
  },
  {
    "Id": "2",
    "Name": "V2.1.2.0 Production",
    "DevelopmentStatus": "None",
    "Description": "Some bugfixes regarding the saving of documents, new icon. \r\nWindow position, size and dock layout is saved and restored on opening the app.",
    "ReleasedDatge": "0001-01-01T00:00:00",
    "ModifiedDate": "0001-01-01T00:00:00",
    "Files": [
      {
        "Id": "40229269-46d8-4759-84f7-7dc71910d6aa",
        "FileName": "PackageExplorer_V2.1.2.0_MSI.zip",
        "Url": "./2/40229269-46d8-4759-84f7-7dc71910d6aa",
        "Type": "Application",
        "UploadDate": "2007-02-08T01:24:42.687-08:00"
      },
      {
        "Id": "e0c2406e-e8a5-465d-8dfe-fb000aa19ffb",
        "FileName": "PackageExplorer_V2.1.2.0_BIN.zip",
        "Url": "./2/e0c2406e-e8a5-465d-8dfe-fb000aa19ffb",
        "Type": "Application",
        "UploadDate": "2007-02-08T01:24:42.64-08:00"
      },
      {
        "Id": "0390be9a-92dc-4176-b30f-29db34692db1",
        "FileName": "PackageExplorer_V2.1.2.0_SRC.zip",
        "Url": "./2/0390be9a-92dc-4176-b30f-29db34692db1",
        "Type": "Source Code",
        "UploadDate": "2007-02-08T01:24:42.78-08:00"
      }
    ]
  },
  {
    "Id": "3",
    "Name": "V2.1.0.0 Production",
    "DevelopmentStatus": "None",
    "Description": "New features:\r\n- image editor re-activated\r\n- display directory names in document inspector\r\n- save document parts to disk\r\n- specify command line parameter to open a document\r\n- some minor issues fixed\r\n- integration in the right click context menu for Open XML files",
    "ReleasedDatge": "0001-01-01T00:00:00",
    "ModifiedDate": "0001-01-01T00:00:00",
    "Files": [
      {
        "Id": "f25b78b0-1838-4cf1-95f2-a5d79b1c736c",
        "FileName": "PackageExplorer_V2.1.0.0_MSI.zip",
        "Url": "./3/f25b78b0-1838-4cf1-95f2-a5d79b1c736c",
        "Type": "Application",
        "UploadDate": "2007-01-18T01:23:27.62-08:00"
      },
      {
        "Id": "3947c5a3-95cf-4188-836b-fa3fa84a8f7b",
        "FileName": "PackageExplorer_V2.1.0.0_BIN.zip",
        "Url": "./3/3947c5a3-95cf-4188-836b-fa3fa84a8f7b",
        "Type": "Application",
        "UploadDate": "2007-01-18T01:23:27.603-08:00"
      },
      {
        "Id": "025f639a-5af5-4fbc-b20f-9550ef6d2f2f",
        "FileName": "PackageExplorer_V2.1.0.0_SRC.zip",
        "Url": "./3/025f639a-5af5-4fbc-b20f-9550ef6d2f2f",
        "Type": "Source Code",
        "UploadDate": "2007-01-18T01:23:27.65-08:00"
      }
    ]
  },
  {
    "Id": "4",
    "Name": "V2.1.1.0 Production",
    "DevelopmentStatus": "Planning",
    "Description": "New icon",
    "ReleasedDatge": "0001-01-01T00:00:00",
    "ModifiedDate": "0001-01-01T00:00:00",
    "Files": [
      {
        "Id": "2db2cb65-fa1f-4d1a-8e70-788cc66fcb98",
        "FileName": "PackageExplorer_V2.1.1.0_MSI.zip",
        "Url": "./4/2db2cb65-fa1f-4d1a-8e70-788cc66fcb98",
        "Type": "Application",
        "UploadDate": "2007-01-18T11:15:41.65-08:00"
      },
      {
        "Id": "21e54acd-cf0b-4a2b-a224-4e74c7bfa1c6",
        "FileName": "PackageExplorer_V2.1.1.0_BIN.zip",
        "Url": "./4/21e54acd-cf0b-4a2b-a224-4e74c7bfa1c6",
        "Type": "Application",
        "UploadDate": "2007-01-18T11:15:41.557-08:00"
      },
      {
        "Id": "c15b5911-d682-4779-88c2-71028df2c90e",
        "FileName": "PackageExplorer_V2.1.1.0_SRC.zip",
        "Url": "./4/c15b5911-d682-4779-88c2-71028df2c90e",
        "Type": "Application",
        "UploadDate": "2007-01-18T11:15:41.713-08:00"
      }
    ]
  },
  {
    "Id": "5",
    "Name": "V2.0.0.0 Production",
    "DevelopmentStatus": "None",
    "Description": "Version 2.0 of Package Explorer",
    "ReleasedDatge": "0001-01-01T00:00:00",
    "ModifiedDate": "0001-01-01T00:00:00",
    "Files": [
      {
        "Id": "0d9198fd-6b8e-493f-8307-47ff8cf9cac1",
        "FileName": "PackageExplorer_V2.0.0.0_INSTALL.zip",
        "Url": "./5/0d9198fd-6b8e-493f-8307-47ff8cf9cac1",
        "Type": "Application",
        "UploadDate": "2006-12-10T12:31:22.427-08:00"
      },
      {
        "Id": "eb10e0e3-e89a-4c87-b148-8c7214f8fea1",
        "FileName": "PackageExplorer_V2.0.0.0_SRC.zip",
        "Url": "./5/eb10e0e3-e89a-4c87-b148-8c7214f8fea1",
        "Type": "Source Code",
        "UploadDate": "2006-12-10T12:28:52.99-08:00"
      },
      {
        "Id": "c881d933-977d-4271-90ee-17d167f5df3f",
        "FileName": "PackageExplorer_V2.0.0.0_BIN.zip",
        "Url": "./5/c881d933-977d-4271-90ee-17d167f5df3f",
        "Type": "Application",
        "UploadDate": "2006-12-10T12:31:22.41-08:00"
      }
    ]
  },
  {
    "Id": "6",
    "Name": "v2.0.0.0 Beta",
    "DevelopmentStatus": "Planning",
    "Description": "",
    "ReleasedDatge": "0001-01-01T00:00:00",
    "ModifiedDate": "0001-01-01T00:00:00",
    "Files": []
  },
  {
    "Id": "7",
    "Name": "V2.0.0.0 Alpha",
    "DevelopmentStatus": "Planning",
    "Description": "The alpha version of version 2.0. Features will include support for projects.",
    "ReleasedDatge": "0001-01-01T00:00:00",
    "ModifiedDate": "0001-01-01T00:00:00",
    "Files": []
  },
  {
    "Id": "8",
    "Name": "V1.0.0.0 Production",
    "DevelopmentStatus": "None",
    "Description": "The initial version of Package Explorer as found on OpenXmlDeveloper.org. Browse packages and subpackages using specialized viewer classes.",
    "ReleasedDatge": "0001-01-01T00:00:00",
    "ModifiedDate": "0001-01-01T00:00:00",
    "Files": [
      {
        "Id": "c827827e-e033-4bb2-a3fd-b2816874885d",
        "FileName": "PackageExplorer_v1.0.0.0_installer.zip",
        "Url": "./8/c827827e-e033-4bb2-a3fd-b2816874885d",
        "Type": "Application",
        "UploadDate": "2006-06-13T03:18:13.957-07:00"
      },
      {
        "Id": "8d19051b-453a-46fc-baf8-88245bb44f37",
        "FileName": "PackageExplorer_v1.0.0.0_binary.zip",
        "Url": "./8/8d19051b-453a-46fc-baf8-88245bb44f37",
        "Type": "Application",
        "UploadDate": "2006-06-13T03:18:13.943-07:00"
      }
    ]
  },
  {
    "Id": "9",
    "Name": "V3.0.0 RC1",
    "DevelopmentStatus": "None",
    "Description": "An extensive new version allowing full editing of packages, creating new packages and various other features.\n\nAn overview:\n\n- Open existing Open XML packages\n- Create new packages using templates\n- Create new parts using templates\n- Create relationships, internal and external\n- View relationship part\n- Create digital signatures and view them\n- Validate package XML\n- Use custom schema for validating custom XML\n- Change editor fonts\n- View dublin core properties\n- An intuitive UI\n\n!! 64 BIT operating systems not supported\n\n_resolved issue with application not loading due to null reference_\n",
    "ReleasedDatge": "0001-01-01T00:00:00",
    "ModifiedDate": "2007-08-10T09:42:12.663-07:00",
    "Files": [
      {
        "Id": "2717a24e-d59b-46f6-9c9c-90948a0e871a",
        "FileName": "PackageExplorer_3.0.0_RC1_3.zip",
        "Url": "./9/2717a24e-d59b-46f6-9c9c-90948a0e871a",
        "Type": "Source Code",
        "UploadDate": "2007-08-10T09:42:13.82-07:00"
      }
    ]
  }
]