[
  {
    "Title": "Home",
    "Id": "67396",
    "ParentWikiTitle": "",
    "FileExtension": "codeplexwiki",
    "UpdatedDate": "2007-12-23T12:44:45.297-08:00",
    "FileAttachments": [
      {
        "Id": "1b103193-bb45-4239-86d1-9e361f6bb506",
        "FileName": "PackageExplorer.jpg",
        "DownloadUri": "./67396/1b103193-bb45-4239-86d1-9e361f6bb506"
      }
    ]
  },
  {
    "Title": "Wiki Markup Guide",
    "Id": "1221",
    "ParentWikiTitle": "",
    "FileExtension": "codeplexwiki",
    "UpdatedDate": "2006-06-08T11:21:04.267-07:00",
    "FileAttachments": [
      {
        "Id": "6588078e-e43d-4366-90ea-15aa643f121d",
        "FileName": "project_icon_lrg.gif",
        "DownloadUri": "./1221/6588078e-e43d-4366-90ea-15aa643f121d"
      }
    ]
  }
]
